Workbook

Sheet CBM Log Sheet
D1: CBM DASHBOARD FILE
A6: FPSO | B6: Tag | C6: Asset_TAG | D6: Machine Description | E6: Date | F6: Status | G6: Measurement Type | H6: Comments | I6: WO Number
A7: DNY | B7: 111-PKPD-0100 | C7: =IFERROR(VLOOKUP(A7&"_"&B7,'CBM Assets List'!A:A,1,0),0) -> DNY_111-PKPD-0100 | D7: Emergency Diesel Generator | E7: 45962 | F7: Unmeasured
A8: DNY | B8: 111-PKPD-0200 | C8: =IFERROR(VLOOKUP(A8&"_"&B8,'CBM Assets List'!A:A,1,0),0) -> DNY_111-PKPD-0200 | D8: Essential Generator No1 | E8: 45962 | F8: Unmeasured
A9: DNY | B9: 111-PKPD-0300 | C9: =IFERROR(VLOOKUP(A9&"_"&B9,'CBM Assets List'!A:A,1,0),0) -> DNY_111-PKPD-0300 | D9: Essential Generator No2 | E9: 45962 | F9: Unmeasured
A10: DNY | B10: 111-PKPD-0400 | C10: =IFERROR(VLOOKUP(A10&"_"&B10,'CBM Assets List'!A:A,1,0),0) -> DNY_111-PKPD-0400 | D10: Essential Generator No3 | E10: 45962 | F10: Unmeasured
A11: DNY | B11: 112-DRST-9502 | C11: =IFERROR(VLOOKUP(A11&"_"&B11,'CBM Assets List'!A:A,1,0),0) -> 0 | D11: Ballast Pump - Steam Turbine | E11: 45962 | F11: Unmeasured
A12: DNY | B12: 112-PUBA-9001 | C12: =IFERROR(VLOOKUP(A12&"_"&B12,'CBM Assets List'!A:A,1,0),0) -> 0 | D12: Ballast Pump - Steam Turbine | E12: 45962 | F12: Unmeasured
A13: DNY | B13: 115-HVSF-9001-A | C13: =IFERROR(VLOOKUP(A13&"_"&B13,'CBM Assets List'!A:A,1,0),0) -> DNY_115-HVSF-9001-A | D13: FD Fan A | E13: 45962 | F13: Unmeasured
A14: DNY | B14: 115-HVSF-9001-B | C14: =IFERROR(VLOOKUP(A14&"_"&B14,'CBM Assets List'!A:A,1,0),0) -> DNY_115-HVSF-9001-B | D14: FD Fan B | E14: 45962 | F14: Unmeasured
A15: DNY | B15: 115-PUCE-9501-A | C15: =IFERROR(VLOOKUP(A15&"_"&B15,'CBM Assets List'!A:A,1,0),0) -> DNY_115-PUCE-9501-A | D15: Boiler Main Feed Water Pump A | E15: 45962 | F15: Unmeasured
A16: DNY | B16: 115-PUCE-9503-B | C16: =IFERROR(VLOOKUP(A16&"_"&B16,'CBM Assets List'!A:A,1,0),0) -> DNY_115-PUCE-9503-B | D16: COPT Condensate Pump B | E16: 45962 | F16: Unmeasured
A17: DNY | B17: 116-PUCE-0003-A | C17: =IFERROR(VLOOKUP(A17&"_"&B17,'CBM Assets List'!A:A,1,0),0) -> DNY_116-PUCE-0003-A | D17: MGO (GT) Service Pump A | E17: 45962 | F17: Unmeasured
A18: DNY | B18: 116-PUCE-0003-B | C18: =IFERROR(VLOOKUP(A18&"_"&B18,'CBM Assets List'!A:A,1,0),0) -> DNY_116-PUCE-0003-B | D18: MGO (GT) Service Pump B | E18: 45962 | F18: Unmeasured
... A208: PTY | B208: 772-PURE-0103-B | C208: =IFERROR(VLOOKUP(A208&"_"&B208,'CBM Assets List'!A:A,1,0),0) -> PTY_772-PURE-0103-B | D208: TEG Circulation Pump B | E208: 45962 | F208: Unmeasured
A209: DNY | B209: 111-PKPG-0100 | C209: =IFERROR(VLOOKUP(A209&"_"&B209,'CBM Assets List'!A:A,1,0),0) -> DNY_111-PKPG-0100 | D209: Main Power Generator A | E209: 45962 | G209: S1
A210: DNY | B210: 111-PKPG-0200 | C210: =IFERROR(VLOOKUP(A210&"_"&B210,'CBM Assets List'!A:A,1,0),0) -> DNY_111-PKPG-0200 | D210: Main Power Generator B | E210: 45962 | G210: S1
A211: DNY | B211: 111-PKPG-0300 | C211: =IFERROR(VLOOKUP(A211&"_"&B211,'CBM Assets List'!A:A,1,0),0) -> DNY_111-PKPG-0300 | D211: Main Power Generator C | E211: 45962 | G211: S1
A212: DNY | B212: 111-PKPG-0400 | C212: =IFERROR(VLOOKUP(A212&"_"&B212,'CBM Assets List'!A:A,1,0),0) -> DNY_111-PKPG-0400 | D212: Main Power Generator D | E212: 45962 | G212: S1
A213: DNY | B213: 115-PUCE-9501-B | C213: =IFERROR(VLOOKUP(A213&"_"&B213,'CBM Assets List'!A:A,1,0),0) -> DNY_115-PUCE-9501-B | D213: Boiler Main Feed Water Pump B | E213: 45962 | F213: Progressed Fault
A214: DNY | B214: 115-PUCE-9503-A | C214: =IFERROR(VLOOKUP(A214&"_"&B214,'CBM Assets List'!A:A,1,0),0) -> DNY_115-PUCE-9503-A | D214: COPT Condensate Pump A | E214: 45962 | F214: Progressed Fault
A215: DNY | B215: 118-COSC-0010-A | C215: =IFERROR(VLOOKUP(A215&"_"&B215,'CBM Assets List'!A:A,1,0),0) -> DNY_118-COSC-0010-A | D215: Instrument Air Compressor A | E215: 45962 | F215: Early Stage Fault
A216: DNY | B216: 118-COSC-0010-B | C216: =IFERROR(VLOOKUP(A216&"_"&B216,'CBM Assets List'!A:A,1,0),0) -> DNY_118-COSC-0010-B | D216: Instrument Air Compressor B | E216: 45962 | F216: Acceptable
A217: DNY | B217: 118-COSC-0012-A | C217: =IFERROR(VLOOKUP(A217&"_"&B217,'CBM Assets List'!A:A,1,0),0) -> DNY_118-COSC-0012-A | D217: N2 Feed Air Compressor A | E217: 45962 | F217: Acceptable
A218: DNY | B218: 118-COSC-0012-B | C218: =IFERROR(VLOOKUP(A218&"_"&B218,'CBM Assets List'!A:A,1,0),0) -> DNY_118-COSC-0012-B | D218: N2 Feed Air Compressor B | E218: 45962 | F218: Early Stage Fault
A219: DNY | B219: 120-PUCE-0010-B | C219: =IFERROR(VLOOKUP(A219&"_"&B219,'CBM Assets List'!A:A,1,0),0) -> DNY_120-PUCE-0010-B | D219: Heating Medium Pump B | E219: 45962 | F219: Early Stage Fault
A220: DNY | B220: 125-PUCE-0010-A | C220: =IFERROR(VLOOKUP(A220&"_"&B220,'CBM Assets List'!A:A,1,0),0) -> DNY_125-PUCE-0010-A | D220: Cooling Medium Pump A | E220: 45962 | F220: Acceptable
A221: DNY | B221: 125-PUCE-0010-B | C221: =IFERROR(VLOOKUP(A221&"_"&B221,'CBM Assets List'!A:A,1,0),0) -> DNY_125-PUCE-0010-B | D221: Cooling Medium Pump B | E221: 45962 | F221: Acceptable
A222: DNY | B222: 126-PUCE-0010-A | C222: =IFERROR(VLOOKUP(A222&"_"&B222,'CBM Assets List'!A:A,1,0),0) -> DNY_126-PUCE-0010-A | D222: SW Treatment HP Feed Pump A | E222: 45962 | F222: Acceptable
A223: DNY | B223: 126-PUCE-0010-B | C223: =IFERROR(VLOOKUP(A223&"_"&B223,'CBM Assets List'!A:A,1,0),0) -> DNY_126-PUCE-0010-B | D223: SW Treatment HP Feed Pump B | E223: 45962 | F223: Acceptable
A224: DNY | B224: 126-PUCE-0030-A | C224: =IFERROR(VLOOKUP(A224&"_"&B224,'CBM Assets List'!A:A,1,0),0) -> DNY_126-PUCE-0030-A | D224: Water Injection Booster Pump A | E224: 45962 | F224: Early Stage Fault
... A227: DNY | B227: 126-PUCE-0310-B | C227: =IFERROR(VLOOKUP(A227&"_"&B227,'CBM Assets List'!A:A,1,0),0) -> DNY_126-PUCE-0310-B | D227: Vacuum Pump B | E227: 45962 | F227: Early Stage Fault
A228: DNY | B228: 126-PUCE-0610 | C228: =IFERROR(VLOOKUP(A228&"_"&B228,'CBM Assets List'!A:A,1,0),0) -> DNY_126-PUCE-0610 | D228: Water Injection Pump A | E228: 45962 | G228: S1
A229: DNY | B229: 126-PUCE-0710 | C229: =IFERROR(VLOOKUP(A229&"_"&B229,'CBM Assets List'!A:A,1,0),0) -> DNY_126-PUCE-0710 | D229: Water Injection Pump B | E229: 45962 | G229: S1
A230: DNY | B230: 126-PUCE-0810 | C230: =IFERROR(VLOOKUP(A230&"_"&B230,'CBM Assets List'!A:A,1,0),0) -> DNY_126-PUCE-0810 | D230: Water Injection Pump C | E230: 45962 | G230: S1
A231: DNY | B231: 667-PUCE-0020-A | C231: =IFERROR(VLOOKUP(A231&"_"&B231,'CBM Assets List'!A:A,1,0),0) -> DNY_667-PUCE-0020-A | D231: Dead Oil Circulation Pump A | E231: 45962 | G231: S1
A232: DNY | B232: 667-PUCE-0020-B | C232: =IFERROR(VLOOKUP(A232&"_"&B232,'CBM Assets List'!A:A,1,0),0) -> DNY_667-PUCE-0020-B | D232: Dead Oil Circulation Pump B | E232: 45962 | G232: S1
A233: DNY | B233: 771-PKGC-0100 | C233: =IFERROR(VLOOKUP(A233&"_"&B233,'CBM Assets List'!A:A,1,0),0) -> DNY_771-PKGC-0100 | D233: Main Gas Compressor A | E233: 45962 | G233: S1
A234: DNY | B234: 771-PKGC-0200 | C234: =IFERROR(VLOOKUP(A234&"_"&B234,'CBM Assets List'!A:A,1,0),0) -> DNY_771-PKGC-0200 | D234: Main Gas Compressor B | E234: 45962 | G234: S1
A235: DNY | B235: 771-PKGC-0500 | C235: =IFERROR(VLOOKUP(A235&"_"&B235,'CBM Assets List'!A:A,1,0),0) -> DNY_771-PKGC-0500 | D235: LP Flash Gas Compressor | E235: 45962 | F235: Acceptable | G235: S1
A236: DNY | B236: 771-PKGC-0600 | C236: =IFERROR(VLOOKUP(A236&"_"&B236,'CBM Assets List'!A:A,1,0),0) -> DNY_771-PKGC-0600 | D236: MP Flash Gas Compressor | E236: 45962 | G236: S1
A237: DNY | B237: 775-PKGC-0100 | C237: =IFERROR(VLOOKUP(A237&"_"&B237,'CBM Assets List'!A:A,1,0),0) -> DNY_775-PKGC-0100 | D237: Injection Gas Compressor | E237: 45962 | G237: S1
A238: UNY | B238: 111-PKPG-0100 | C238: =IFERROR(VLOOKUP(A238&"_"&B238,'CBM Assets List'!A:A,1,0),0) -> UNY_111-PKPG-0100 | D238: Main Power Generator A | E238: 45962 | G238: S1
A239: UNY | B239: 111-PKPG-0200 | C239: =IFERROR(VLOOKUP(A239&"_"&B239,'CBM Assets List'!A:A,1,0),0) -> UNY_111-PKPG-0200 | D239: Main Power Generator B | E239: 45962 | G239: S1
A240: UNY | B240: 111-PKPG-0300 | C240: =IFERROR(VLOOKUP(A240&"_"&B240,'CBM Assets List'!A:A,1,0),0) -> UNY_111-PKPG-0300 | D240: Main Power Generator C | E240: 45962 | G240: S1
A241: UNY | B241: 111-PKPG-0400 | C241: =IFERROR(VLOOKUP(A241&"_"&B241,'CBM Assets List'!A:A,1,0),0) -> UNY_111-PKPG-0400 | D241: Main Power Generator D | E241: 45962 | G241: S1
A242: UNY | B242: 116-PUCE-5400A | C242: =IFERROR(VLOOKUP(A242&"_"&B242,'CBM Assets List'!A:A,1,0),0) -> UNY_116-PUCE-5400A | D242: MGO Topsides Service Pump No1 | E242: 45962 | F242: Acceptable
A243: UNY | B243: 116-PUCE-5400B | C243: =IFERROR(VLOOKUP(A243&"_"&B243,'CBM Assets List'!A:A,1,0),0) -> UNY_116-PUCE-5400B | D243: MGO Topsides Service Pump No2 | E243: 45962 | F243: Progressed Fault
A244: UNY | B244: 118-PKAC-5100 | C244: =IFERROR(VLOOKUP(A244&"_"&B244,'CBM Assets List'!A:A,1,0),0) -> UNY_118-PKAC-5100 | D244: Instrument Air Compressor No1 | E244: 45962 | F244: Progressed Fault
A245: UNY | B245: 118-PKAC-5200 | C245: =IFERROR(VLOOKUP(A245&"_"&B245,'CBM Assets List'!A:A,1,0),0) -> UNY_118-PKAC-5200 | D245: Instrument Air Compressor No2 | E245: 45962 | F245: Early Stage Fault
A246: UNY | B246: 118-PKAC-5300 | C246: =IFERROR(VLOOKUP(A246&"_"&B246,'CBM Assets List'!A:A,1,0),0) -> UNY_118-PKAC-5300 | D246: Instrument Air Compressor No3 | E246: 45962 | F246: Progressed Fault
A247: UNY | B247: 118-PKAC-5400 | C247: =IFERROR(VLOOKUP(A247&"_"&B247,'CBM Assets List'!A:A,1,0),0) -> UNY_118-PKAC-5400 | D247: Instrument Air Compressor No4 | E247: 45962 | F247: Acceptable
A248: UNY | B248: 119-DREM-5311 | C248: =IFERROR(VLOOKUP(A248&"_"&B248,'CBM Assets List'!A:A,1,0),0) -> UNY_119-DREM-5311 | D248: Deepwell Pump HPU A Motor No1 | E248: 45962 | F248: Acceptable
A249: UNY | B249: 119-DREM-5312 | C249: =IFERROR(VLOOKUP(A249&"_"&B249,'CBM Assets List'!A:A,1,0),0) -> UNY_119-DREM-5312 | D249: Deepwell Pump HPU A Motor No2 | E249: 45962 | F249: Acceptable
A250: UNY | B250: 119-DREM-5313 | C250: =IFERROR(VLOOKUP(A250&"_"&B250,'CBM Assets List'!A:A,1,0),0) -> UNY_119-DREM-5313 | D250: Deepwell Pump HPU A Motor No3 | E250: 45962 | F250: Acceptable
A251: UNY | B251: 119-DREM-5314 | C251: =IFERROR(VLOOKUP(A251&"_"&B251,'CBM Assets List'!A:A,1,0),0) -> UNY_119-DREM-5314 | D251: Deepwell Pump HPU A Motor No4 | E251: 45962 | F251: Acceptable
A252: UNY | B252: 119-DREM-5321 | C252: =IFERROR(VLOOKUP(A252&"_"&B252,'CBM Assets List'!A:A,1,0),0) -> UNY_119-DREM-5321 | D252: Deepwell Pump HPU B Motor No1 | E252: 45962 | F252: Acceptable
A253: UNY | B253: 119-DREM-5322 | C253: =IFERROR(VLOOKUP(A253&"_"&B253,'CBM Assets List'!A:A,1,0),0) -> UNY_119-DREM-5322 | D253: Deepwell Pump HPU B Motor No2 | E253: 45962 | F253: Acceptable
... A275: UNY | B275: 125-PUCE-0010-D | C275: =IFERROR(VLOOKUP(A275&"_"&B275,'CBM Assets List'!A:A,1,0),0) -> UNY_125-PUCE-0010-D | D275: Cooling Medium Pump D | E275: 45962 | F275: Acceptable
A276: UNY | B276: 126-PKWI-0500 | C276: =IFERROR(VLOOKUP(A276&"_"&B276,'CBM Assets List'!A:A,1,0),0) -> UNY_126-PKWI-0500 | D276: Water Injection Pump A | E276: 45962 | G276: S1
A277: UNY | B277: 126-PKWI-0600 | C277: =IFERROR(VLOOKUP(A277&"_"&B277,'CBM Assets List'!A:A,1,0),0) -> UNY_126-PKWI-0600 | D277: Water Injection Pump B | E277: 45962 | G277: S1
A278: UNY | B278: 126-PKWI-0700 | C278: =IFERROR(VLOOKUP(A278&"_"&B278,'CBM Assets List'!A:A,1,0),0) -> UNY_126-PKWI-0700 | D278: Water Injection Pump C | E278: 45962 | G278: S1
A279: UNY | B279: 126-PKWI-0800 | C279: =IFERROR(VLOOKUP(A279&"_"&B279,'CBM Assets List'!A:A,1,0),0) -> UNY_126-PKWI-0800 | D279: Water Injection Pump D | E279: 45962 | G279: S1
A280: UNY | B280: 126-PUCE-0010-A | C280: =IFERROR(VLOOKUP(A280&"_"&B280,'CBM Assets List'!A:A,1,0),0) -> UNY_126-PUCE-0010-A | D280: HP Feed Pump A | E280: 45962 | F280: Acceptable
A281: UNY | B281: 126-PUCE-0010-C | C281: =IFERROR(VLOOKUP(A281&"_"&B281,'CBM Assets List'!A:A,1,0),0) -> UNY_126-PUCE-0010-C | D281: HP Feed Pump C | E281: 45962 | F281: Acceptable
A282: UNY | B282: 126-PUCE-0010-D | C282: =IFERROR(VLOOKUP(A282&"_"&B282,'CBM Assets List'!A:A,1,0),0) -> UNY_126-PUCE-0010-D | D282: HP Feed Pump D | E282: 45962 | F282: Acceptable
A283: UNY | B283: 126-PUCE-0030-A | C283: =IFERROR(VLOOKUP(A283&"_"&B283,'CBM Assets List'!A:A,1,0),0) -> UNY_126-PUCE-0030-A | D283: Water Injection Booster Pump A | E283: 45962 | F283: Acceptable
A284: UNY | B284: 126-PUCE-0030-B | C284: =IFERROR(VLOOKUP(A284&"_"&B284,'CBM Assets List'!A:A,1,0),0) -> UNY_126-PUCE-0030-B | D284: Water Injection Booster Pump B | E284: 45962 | F284: Acceptable
A285: UNY | B285: 126-PUCE-0310-A | C285: =IFERROR(VLOOKUP(A285&"_"&B285,'CBM Assets List'!A:A,1,0),0) -> UNY_126-PUCE-0310-A | D285: Vacuum Pump A | E285: 45962 | F285: Progressed Fault
A286: UNY | B286: 331-PKFW-5100 | C286: =IFERROR(VLOOKUP(A286&"_"&B286,'CBM Assets List'!A:A,1,0),0) -> UNY_331-PKFW-5100 | D286: Main Firewater Pump No1 AFT | E286: 45962 | F286: Acceptable
A287: UNY | B287: 331-PKFW-5200 | C287: =IFERROR(VLOOKUP(A287&"_"&B287,'CBM Assets List'!A:A,1,0),0) -> UNY_331-PKFW-5200 | D287: Main Firewater Pump No2 AFT | E287: 45962 | F287: Acceptable
A288: UNY | B288: 331-PUCE-5010A | C288: =IFERROR(VLOOKUP(A288&"_"&B288,'CBM Assets List'!A:A,1,0),0) -> UNY_331-PUCE-5010A | D288: Fire Water Jockey Pump No1 | E288: 45962 | F288: Acceptable
A289: UNY | B289: 331-PUCE-5010B | C289: =IFERROR(VLOOKUP(A289&"_"&B289,'CBM Assets List'!A:A,1,0),0) -> UNY_331-PUCE-5010B | D289: Fire Water Jockey Pump No2 | E289: 45962 | F289: Acceptable
A290: UNY | B290: 331-PUCE-5400 | C290: =IFERROR(VLOOKUP(A290&"_"&B290,'CBM Assets List'!A:A,1,0),0) -> UNY_331-PUCE-5400 | D290: Helideck Fire Water Pump | E290: 45962 | F290: Acceptable
A291: UNY | B291: 662-PUCE-0030-A | C291: =IFERROR(VLOOKUP(A291&"_"&B291,'CBM Assets List'!A:A,1,0),0) -> UNY_662-PUCE-0030-A | D291: Crude Oil Pump A | E291: 45962 | F291: Acceptable
A292: UNY | B292: 667-PKWS-0100 | C292: =IFERROR(VLOOKUP(A292&"_"&B292,'CBM Assets List'!A:A,1,0),0) -> UNY_667-PKWS-0100 | D292: Dead Oil Circulation Pump A | E292: 45962 | G292: S1
A293: UNY | B293: 667-PKWS-0200 | C293: =IFERROR(VLOOKUP(A293&"_"&B293,'CBM Assets List'!A:A,1,0),0) -> UNY_667-PKWS-0200 | D293: Dead Oil Circulation Pump B | E293: 45962 | G293: S1
A294: UNY | B294: 771-PKGC-0100 | C294: =IFERROR(VLOOKUP(A294&"_"&B294,'CBM Assets List'!A:A,1,0),0) -> UNY_771-PKGC-0100 | D294: Main Gas Compressor A | E294: 45962 | G294: S1
A295: UNY | B295: 771-PKGC-0200 | C295: =IFERROR(VLOOKUP(A295&"_"&B295,'CBM Assets List'!A:A,1,0),0) -> UNY_771-PKGC-0200 | D295: Main Gas Compressor B | E295: 45962 | G295: S1
A296: UNY | B296: 771-PKGC-0500 | C296: =IFERROR(VLOOKUP(A296&"_"&B296,'CBM Assets List'!A:A,1,0),0) -> UNY_771-PKGC-0500 | D296: LP Flash Gas Compressor | E296: 45962 | G296: S1
A297: UNY | B297: 771-PKGC-0600 | C297: =IFERROR(VLOOKUP(A297&"_"&B297,'CBM Assets List'!A:A,1,0),0) -> UNY_771-PKGC-0600 | D297: MPHP Flash Gas Compressor | E297: 45962 | G297: S1
A298: UNY | B298: 775-PKGC-0100 | C298: =IFERROR(VLOOKUP(A298&"_"&B298,'CBM Assets List'!A:A,1,0),0) -> UNY_775-PKGC-0100 | D298: Injection Gas Compressor A | E298: 45962 | G298: S1
A299: UNY | B299: 775-PKGC-0200 | C299: =IFERROR(VLOOKUP(A299&"_"&B299,'CBM Assets List'!A:A,1,0),0) -> UNY_775-PKGC-0200 | D299: Injection Gas Compressor B | E299: 45962 | G299: S1
A300: UNY | B300: 111-PKPD-5100 | C300: =IFERROR(VLOOKUP(A300&"_"&B300,'CBM Assets List'!A:A,1,0),0) -> UNY_111-PKPD-5100 | D300: Essential Generator No1 | E300: 45962 | F300: Acceptable
A301: UNY | B301: 111-PKPD-5200 | C301: =IFERROR(VLOOKUP(A301&"_"&B301,'CBM Assets List'!A:A,1,0),0) -> UNY_111-PKPD-5200 | D301: Essential Generator No2 | E301: 45962 | F301: Acceptable
A302: UNY | B302: 111-PKPD-6100 | C302: =IFERROR(VLOOKUP(A302&"_"&B302,'CBM Assets List'!A:A,1,0),0) -> UNY_111-PKPD-6100 | D302: Emergency Generator | E302: 45962 | F302: Acceptable
A303: UNY | B303: 111-PKPG-0100 | C303: =IFERROR(VLOOKUP(A303&"_"&B303,'CBM Assets List'!A:A,1,0),0) -> UNY_111-PKPG-0100 | D303: Main Power Generator A | E303: 45962 | G303: S1
A304: UNY | B304: 111-PKPG-0200 | C304: =IFERROR(VLOOKUP(A304&"_"&B304,'CBM Assets List'!A:A,1,0),0) -> UNY_111-PKPG-0200 | D304: Main Power Generator B | E304: 45962 | G304: S1
A305: UNY | B305: 111-PKPG-0300 | C305: =IFERROR(VLOOKUP(A305&"_"&B305,'CBM Assets List'!A:A,1,0),0) -> UNY_111-PKPG-0300 | D305: Main Power Generator C | E305: 45962 | G305: S1
A306: UNY | B306: 111-PKPG-0400 | C306: =IFERROR(VLOOKUP(A306&"_"&B306,'CBM Assets List'!A:A,1,0),0) -> UNY_111-PKPG-0400 | D306: Main Power Generator D | E306: 45962 | G306: S1
A307: UNY | B307: 116-PUPD-5300A | C307: =IFERROR(VLOOKUP(A307&"_"&B307,'CBM Assets List'!A:A,1,0),0) -> UNY_116-PUPD-5300A | D307: MGO Transfer Pump No1 | E307: 45962 | F307: Acceptable
A308: UNY | B308: 116-PUPD-5300B | C308: =IFERROR(VLOOKUP(A308&"_"&B308,'CBM Assets List'!A:A,1,0),0) -> UNY_116-PUPD-5300B | D308: MGO Transfer Pump No2 | E308: 45962 | F308: Acceptable
A309: UNY | B309: 116-PUPD-5600A | C309: =IFERROR(VLOOKUP(A309&"_"&B309,'CBM Assets List'!A:A,1,0),0) -> UNY_116-PUPD-5600A | D309: Ess Gen MGO Supply Pump No1 | E309: 45962 | F309: Acceptable
A310: UNY | B310: 116-PUPD-5600B | C310: =IFERROR(VLOOKUP(A310&"_"&B310,'CBM Assets List'!A:A,1,0),0) -> UNY_116-PUPD-5600B | D310: Ess Gen MGO Supply Pump No2 | E310: 45962 | F310: Acceptable
A311: UNY | B311: 120-PUCE-0010-B | C311: =IFERROR(VLOOKUP(A311&"_"&B311,'CBM Assets List'!A:A,1,0),0) -> UNY_120-PUCE-0010-B | D311: Heating Medium Pump B | E311: 45962 | F311: Acceptable
A312: UNY | B312: 122-PUCE-5210A | C312: =IFERROR(VLOOKUP(A312&"_"&B312,'CBM Assets List'!A:A,1,0),0) -> UNY_122-PUCE-5210A | D312: Aux SW Cooling Pump No1 | E312: 45962 | F312: Acceptable
A313: UNY | B313: 122-PUCE-5230A | C313: =IFERROR(VLOOKUP(A313&"_"&B313,'CBM Assets List'!A:A,1,0),0) -> UNY_122-PUCE-5230A | D313: IG Deck Seal Pump No1 | E313: 45962 | F313: Acceptable
A314: UNY | B314: 122-PUCE-5230B | C314: =IFERROR(VLOOKUP(A314&"_"&B314,'CBM Assets List'!A:A,1,0),0) -> UNY_122-PUCE-5230B | D314: IG Deck Seal Pump No2 | E314: 45962 | F314: Acceptable
A315: UNY | B315: 122-PUCE-5240A | C315: =IFERROR(VLOOKUP(A315&"_"&B315,'CBM Assets List'!A:A,1,0),0) -> UNY_122-PUCE-5240A | D315: FW Generator Feed Pump No1 | E315: 45962 | F315: Early Stage Fault
A316: UNY | B316: 122-PUCE-5240B | C316: =IFERROR(VLOOKUP(A316&"_"&B316,'CBM Assets List'!A:A,1,0),0) -> UNY_122-PUCE-5240B | D316: FW Generator Feed Pump No2 | E316: 45962 | F316: Acceptable
...

Sheet CBM Assets List
A1: Asset_TAG | B1: Machine Description | C1: Method | D1: Frequency
A2: DNY_111-PKPD-0100 | B2: Emergency Diesel Generator | C2: Offline/Manual | D2: Quartely
A3: DNY_111-PKPD-0200 | B3: Essential Generator No1 | C3: Offline/Manual | D3: Quartely
A4: DNY_111-PKPD-0300 | B4: Essential Generator No2 | C4: Offline/Manual | D4: Quartely
A5: DNY_111-PKPD-0400 | B5: Essential Generator No3 | C5: Offline/Manual | D5: Quartely
A6: DNY_111-PKPG-0100 | B6: Main Power Generator A | C6: Online | D6: Monthly
A7: DNY_111-PKPG-0200 | B7: Main Power Generator B | C7: Online | D7: Monthly
A8: DNY_111-PKPG-0300 | B8: Main Power Generator C | C8: Online | D8: Monthly
A9: DNY_111-PKPG-0400 | B9: Main Power Generator D | C9: Online | D9: Monthly
A10: DNY_115-HVSF-9001-A | B10: FD Fan A | C10: Online | D10: Monthly
A11: DNY_115-HVSF-9001-B | B11: FD Fan B | C11: Online | D11: Monthly
A12: DNY_115-PUCE-9501-A | B12: Boiler Main Feed Water Pump A | C12: Online | D12: Monthly
... A340: UNY_775-PKGC-0200 | B340: Injection Gas Compressor B | C340: Online | D340: Monthly

Sheet Dropdowns
A1: Asset_Tag | B1: Status | C1: Method | D1: Period | E1: Measurement Type
A2: DNY_111-PKPD-0100 | B2: Acceptable | C2: Online | D2: Monthly | E2: OA
A3: DNY_111-PKPD-0200 | B3: Early Stage Fault | C3: Offline/Manual | D3: Quartely | E3: S1
A4: DNY_111-PKPD-0300 | B4: Progressed Fault | E4: VA
A5: DNY_111-PKPD-0400 | B5: Severe Fault | E5: OA+S1
A6: DNY_111-PKPG-0100 | B6: Unmeasured | E6: VA+OA
A7: DNY_111-PKPG-0200
A8: DNY_111-PKPG-0300
A9: DNY_111-PKPG-0400
A10: DNY_115-HVSF-9001-A
A11: DNY_115-HVSF-9001-B
A12: DNY_115-PUCE-9501-A
A13: DNY_115-PUCE-9501-B
A14: DNY_115-PUCE-9503-A
A15: DNY_115-PUCE-9503-B
A16: DNY_116-PUCE-0003-A
A17: DNY_116-PUCE-0003-B
A18: DNY_116-PURO-0003-A
... A340: UNY_775-PKGC-0200

Sheet Sheet3
C1: Survey Date
A2: 111-PKPD-5200 | B2: DNY | C2: 46133 | D2: comment B
A3: 111-PKPD-5200 | B3: DNY | C3: 46095 | D3: comment A
A4: 111-PKPD-5200 | B4: DNY | C4: 46057 | D4: fioafnasoinf
A5: 111-PKPD-5200 | B5: DNY | C5: 46019
A6: 111-PKPD-5200 | B6: DNY | C6: 45981
A7: 111-PKPD-5200 | B7: DNY | C7: 45943
